Model,Precision,Recall,F1
PCA-train,0.9473684210526315,0.15254237288135594,0.26277372262773724
PCA-test,0.9714285714285714,0.3487179487179487,0.5132075471698113
InvariantsMiner-train,0.9473684210526315,0.3050847457627119,0.46153846153846156
InvariantsMiner-test,0.9732142857142857,0.558974358974359,0.7100977198697067
LogClustering-train,1.0,0.2966101694915254,0.457516339869281
LogClustering-test,0.9732142857142857,0.558974358974359,0.7100977198697067
